sep=,
Regresji liniowej,Metoda gradientu prostego,ElasticNet,Lasso,Ridge,SVR,Drzewo decyzyjne,Losowy las z dopasowywaniem ilosci drzew,Losowy las,XGBoost,K najbliższych sąsiadów,label
0.49347376438551505,0.49212856507837766,-0.11246819441908595,-0.11246819441908595,0.4934751438855626,0.42055571248328893,0.842779989573245,0.8369136909613848,0.89707681253725,0.860578420265903,0.6509051972761254,Dane temp. i rożnicy temp. z przeszłych dni 0
0.4948189593251281,0.4939404808374628,-0.11246819441908595,-0.11246819441908595,0.4948289391581716,0.45020906542181827,0.8269401018385538,0.8702756493746965,0.9112881223566379,0.8635409547019262,0.6749604468002911,Dane temp. i rożnicy temp. z przeszłych dni 1
0.5365059759386834,0.5338394052870605,-0.11246819441908595,-0.11246819441908595,0.5365158269096653,0.3718949549876637,0.8480508419592023,0.8813711456842097,0.914405991824619,0.9084848136502375,0.639398367345952,Dane temp. i rożnicy temp. z przeszłych dni 2
0.5452603952279212,0.5457342614323001,-0.11246819441908595,-0.11246819441908595,0.5451675687750104,0.3832632921102117,0.8408498514058039,0.8854959920668708,0.9122306900740684,0.8574473789333905,0.6180036011542852,Dane temp. i rożnicy temp. z przeszłych dni 3
