sep=,
Regresji liniowej,Metoda gradientu prostego,ElasticNet,Lasso,Ridge,SVR,Drzewo decyzyjne,Losowy las z dopasowywaniem ilosci drzew,Losowy las,XGBoost,K najbliższych sąsiadów,label
0.0020959715266087482,0.0020994060009405574,0.004603318635473203,0.004603318635473203,0.0020959658183302477,0.0023977015256036395,0.0006463996940149267,0.0006983748573032054,0.0004383399140658962,0.0005769171284148225,0.0014445308360162168,Dane energii z przeszłych dni 0
0.005942466027335102,0.005939271320185616,0.004603318635473203,0.004603318635473203,0.0059417126218921975,0.0054347206572270814,0.00486585989906544,0.004267157285558837,0.004279951904382617,0.004502604459673716,0.0032157578820398037,Dane energii z przeszłych dni 1
0.014445611479554539,0.013068197353129252,0.004603318635473203,0.004603318635473203,0.014415866494189302,0.0036285929556784274,0.006062995120224715,0.003985062430840372,0.005205737044136638,0.0054061735612471115,0.0019908089317558593,Dane energii z przeszłych dni 2
0.011858378542313596,0.009733084351066727,0.004603318635473203,0.004603318635473203,0.011829477935818003,0.0031320458412381967,0.006801425416208277,0.0042147449487672664,0.005365130607752122,0.004991065185851859,0.001958110026800502,Dane energii z przeszłych dni 3
0.011365387660537147,0.008984277816906866,0.004603318635473203,0.004603318635473203,0.011334371444754127,0.0030288517768636597,0.00669070697264202,0.004082972138407251,0.00507635984776149,0.005827526988153638,0.0018984050888939618,Dane energii z przeszłych dni 4
0.011225257431454683,0.009032897037314441,0.004603318635473203,0.004603318635473203,0.01119398437384286,0.0030233012827648093,0.0066757822432475826,0.0046082881296928705,0.005266547716269918,0.005487319776384856,0.0017550905807325959,Dane energii z przeszłych dni 5
0.011164030131930965,0.008956308411760665,0.004603318635473203,0.004603318635473203,0.01113276104985489,0.003043131540846809,0.0064276234049329365,0.004426953012933302,0.005453158438401857,0.00537060867033035,0.0015565736147850184,Dane energii z przeszłych dni 6
0.011147164336157407,0.008851261464698617,0.004603318635473203,0.004603318635473203,0.011115851175344704,0.003075727724712517,0.006519865600807415,0.004339222280302608,0.005302146066160068,0.005477720737724798,0.0013143665054266773,Dane energii z przeszłych dni 7
