sep=,
Regresji liniowej,Metoda gradientu prostego,ElasticNet,Lasso,Ridge,SVR,Drzewo decyzyjne,Losowy las z dopasowywaniem ilosci drzew,Losowy las,XGBoost,K najbliższych sąsiadów,label
0.49347376438551505,0.4926437667769975,-0.11246819441908595,-0.11246819441908595,0.4934751438855626,0.42055571248328893,0.8437868074279167,0.8312261483389756,0.8940678994095794,0.860578420265903,0.6509051972761254,Dane energii z przeszłych dni 0
-0.43609534236525316,-0.43532328846768054,-0.11246819441908595,-0.11246819441908595,-0.43591326946109343,-0.3133902637387209,-0.1759156393163992,-0.031229236270303495,-0.03432126783020628,-0.08812894567782559,0.22285884423596525,Dane energii z przeszłych dni 1
-2.4910212810605703,-2.1581463428836773,-0.11246819441908595,-0.11246819441908595,-2.483832912671884,0.12309041077917082,-0.46522319402179924,0.03694365779469855,-0.2580525809106675,-0.30649138516098806,0.5188880472715385,Dane energii z przeszłych dni 2
-1.8657735886556868,-1.3521610454512483,-0.11246819441908595,-0.11246819441908595,-1.8587892784065514,0.24308924544349042,-0.6436771058902615,-0.018562926963255233,-0.2965726756420881,-0.20617357068132058,0.5267902792558399,Dane energii z przeszłych dni 3
-1.7466341765175253,-1.1711995437627163,-0.11246819441908595,-0.11246819441908595,-1.7391385942426085,0.26802780033405527,-0.6169201601394523,0.013282155253102279,-0.22678643849303115,-0.4083184197770293,0.5412189664118756,Dane energii z przeszłych dni 4
-1.7127693856404376,-1.1829491836690398,-0.11246819441908595,-0.11246819441908595,-1.7052117332834413,0.2693691691675527,-0.6133133520784855,-0.1136691550085025,-0.272748487057205,-0.3261017120982952,0.5758532910705565,Dane energii z przeszłych dni 5
-1.6979727945842753,-1.1644402737434314,-0.11246819441908595,-0.11246819441908595,-1.6904161029813407,0.26457685884748317,-0.5533416584699562,-0.06984652053524165,-0.3178460589501444,-0.297896540198922,0.6238282039882573,Dane energii z przeszłych dni 6
-1.6938968956823253,-1.139053939061574,-0.11246819441908595,-0.11246819441908595,-1.686329551722595,0.25669945111589587,-0.5756335129383761,-0.04864493588441099,-0.28135141793438123,-0.3237819454143156,0.6823615637142111,Dane energii z przeszłych dni 7
