sep=,
Regresji liniowej,Metoda gradientu prostego,ElasticNet,Lasso,Ridge,SVR,Drzewo decyzyjne,Losowy las z dopasowywaniem ilosci drzew,Losowy las,XGBoost,K najbliższych sąsiadów,label
0.4931955690463323,0.490470059150954,-0.11246819441908595,-0.11246819441908595,0.493475254257873,0.4311971308672018,0.8689527446852715,0.8316460684814083,0.8906589862491349,0.8543753609357816,0.6548984177867392,Dane dane o świętach i czasie tylko w postaci % 0
