sep=,
Regresji liniowej,Metoda gradientu prostego,ElasticNet,Lasso,Ridge,SVR,Drzewo decyzyjne,Losowy las z dopasowywaniem ilosci drzew,Losowy las,XGBoost,K najbliższych sąsiadów,label
0.0024482100633305597,0.0024311046948446023,0.004603318635473203,0.004603318635473203,0.002448236597897557,0.003996652541925693,0.0017439511800709877,0.0016971061324295262,0.0013371925022126663,0.0009466506981277194,0.0010235415788244979,Dane tylko o czasie dnia w postaci % i aktualnej temp. 0
