sep=,
Regresji liniowej,Metoda gradientu prostego,ElasticNet,Lasso,Ridge,SVR,Drzewo decyzyjne,Losowy las z dopasowywaniem ilosci drzew,Losowy las,XGBoost,K najbliższych sąsiadów,label
0.22848061484228793,0.22717191863572503,0.375201327616527,0.375201327616527,0.22851585683764178,0.37120673451086617,0.1517102566777967,0.15617638367405268,0.14554139763274754,0.14065962636770823,0.14169496174676482,Dane tylko o czasie dnia w postaci % i aktualnej temp. 0
