sep=,
Regresji liniowej,Metoda gradientu prostego,ElasticNet,Lasso,Ridge,SVR,Drzewo decyzyjne,Losowy las z dopasowywaniem ilosci drzew,Losowy las,XGBoost,K najbliższych sąsiadów,label
3.547495178367008,3.4457680014427012,4.314560608598654,4.314560608598654,3.5474784113817606,9.292344553267853,2.3506398821666963,2.689494650110042,2.5419158370231756,2.341910307019546,2.414035673200047,Dane tylko o czasie dnia w postaci % i aktualnej temp. 0
