sep=,
Regresji liniowej,Metoda gradientu prostego,ElasticNet,Lasso,Ridge,SVR,Drzewo decyzyjne,Losowy las z dopasowywaniem ilosci drzew,Losowy las,XGBoost,K najbliższych sąsiadów,label
0.4083494877534123,0.41248328336942874,-0.11246819441908595,-0.11246819441908595,0.4083430752357974,0.034142715480419916,0.5785453117456918,0.5898661934169247,0.6768452835169976,0.7712261791359888,0.7526442242487305,Dane tylko o czasie dnia w postaci % i aktualnej temp. 0
