sep=,
Regresji liniowej,Metoda gradientu prostego,ElasticNet,Lasso,Ridge,SVR,Drzewo decyzyjne,Losowy las z dopasowywaniem ilosci drzew,Losowy las,XGBoost,K najbliższych sąsiadów,label
0.38223790360018584,0.3791441321344057,0.375201327616527,0.375201327616527,0.3822376649912891,0.38511715322036033,0.4074006915770731,0.40804983825632846,0.4059928671171328,0.39606030154864075,0.48745018647148247,Dane tylko o świętach i aktualnej temp. 0
