sep=,
Regresji liniowej,Metoda gradientu prostego,ElasticNet,Lasso,Ridge,SVR,Drzewo decyzyjne,Losowy las z dopasowywaniem ilosci drzew,Losowy las,XGBoost,K najbliższych sąsiadów,label
3.4211319746351805,3.292923835648665,4.314560608598654,4.314560608598654,3.4211569196299507,3.0167552755661546,1.4848029476173252,1.501962832783036,1.494544575965726,1.7859982891972805,4.44053687180002,Dane tylko o świętach i aktualnej temp. 0
