sep=,
Regresji liniowej,Metoda gradientu prostego,ElasticNet,Lasso,Ridge,SVR,Drzewo decyzyjne,Losowy las z dopasowywaniem ilosci drzew,Losowy las,XGBoost,K najbliższych sąsiadów,label
3.4211319746351805,3.2393606066496474,4.314560608598654,4.314560608598654,3.4211569196299507,3.0167552755661546,1.4848029476173181,1.501247837567803,1.5147770646726926,1.7859982891972805,4.44053687180002,Dane tylko o świętach i aktualnej temp. 0
