sep=,
Regresji liniowej,Metoda gradientu prostego,ElasticNet,Lasso,Ridge,SVR,Drzewo decyzyjne,Losowy las z dopasowywaniem ilosci drzew,Losowy las,XGBoost,K najbliższych sąsiadów,label
0.00515525610987898,0.0051015102382269695,0.004603318635473203,0.004603318635473203,0.00515523735440598,0.005446813585304757,0.00666911280396991,0.006690993921502675,0.006598254636238556,0.006323130603396001,0.008801666124759385,Dane tylko o świętach i aktualnej temp. 0
