sep=,
Regresji liniowej,Metoda gradientu prostego,ElasticNet,Lasso,Ridge,SVR,Drzewo decyzyjne,Losowy las z dopasowywaniem ilosci drzew,Losowy las,XGBoost,K najbliższych sąsiadów,label
0.00515525610987898,0.005174750596804069,0.004603318635473203,0.004603318635473203,0.00515523735440598,0.005446813585304757,0.00666911280396991,0.0066929502646847685,0.006662160563370037,0.006323130603396001,0.008801666124759385,Dane tylko o świętach i aktualnej temp. 0
