sep=,
Regresji liniowej,Metoda gradientu prostego,ElasticNet,Lasso,Ridge,SVR,Drzewo decyzyjne,Losowy las z dopasowywaniem ilosci drzew,Losowy las,XGBoost,K najbliższych sąsiadów,label
0.38223790360018584,0.38464274120452985,0.375201327616527,0.375201327616527,0.3822376649912891,0.38511715322036033,0.40740069157707304,0.408106285793655,0.407180466630771,0.39606030154864075,0.48745018647148247,Dane tylko o świętach i aktualnej temp. 0
