Wall time,Step,Value
1659308230.596492,0,0.9395251274108887
1659308230.937392,1,0.7559062838554382
1659308231.204289,2,0.7772278785705566
1659308231.462285,3,0.7736821174621582
1659308231.721721,4,0.7625784873962402
1659308231.970573,5,0.7635652422904968
1659308232.179516,6,0.7541757225990295
1659308232.387205,7,0.7532318234443665
1659308232.596306,8,0.7471014261245728
1659308232.829136,9,0.7482229471206665
