sep=,
Regresji liniowej,Metoda gradientu prostego,ElasticNet,Lasso,Ridge,SVR,Drzewo decyzyjne,Losowy las z dopasowywaniem ilosci drzew,Losowy las,XGBoost,K najbliższych sąsiadów,label
2.697027740703554,2.838951669282004,4.314560608598654,4.314560608598654,2.6976582893601986,3.13225402236106,2.172238721999989,2.172238721999989,2.1307031114998054,1.9399118975702976,1.9112609827999947,Podstawowe dane bez aktualnej temp., czasu, informacji o swiętach 0
