sep=,
Regresji liniowej,Metoda gradientu prostego,ElasticNet,Lasso,Ridge,SVR,Drzewo decyzyjne,Losowy las z dopasowywaniem ilosci drzew,Losowy las,XGBoost,K najbliższych sąsiadów,label
0.5280997306466803,0.5233742751311129,-0.11246819441908595,-0.11246819441908595,0.5280685421220885,0.7129682465673758,0.870682980916956,0.870682980916956,0.8826108573520506,0.916944117268514,0.9122668945828862,Podstawowe dane bez aktualnej temp., czasu, informacji o swiętach 0
