sep=,
Regresji liniowej,Metoda gradientu prostego,ElasticNet,Lasso,Ridge,SVR,Drzewo decyzyjne,Losowy las z dopasowywaniem ilosci drzew,Losowy las,XGBoost,K najbliższych sąsiadów,label
0.0019526916049346533,0.0019722452223279755,0.004603318635473203,0.004603318635473203,0.0019528206609536805,0.0011877181084164934,0.0005351051354233731,0.0005351051354233733,0.0004857483842364642,0.0003436796617481501,0.0003630336949322188,Podstawowe dane bez aktualnej temp., czasu, informacji o swiętach 0
