sep=,
Regresji liniowej,Metoda gradientu prostego,ElasticNet,Lasso,Ridge,SVR,Drzewo decyzyjne,Losowy las z dopasowywaniem ilosci drzew,Losowy las,XGBoost,K najbliższych sąsiadów,label
0.4083494877534123,0.40613304327446453,-0.11246819441908595,-0.11246819441908595,0.4083430752357974,0.034142715480419916,0.5726213433722822,0.5947926293219679,0.6760467514047932,0.7712261791359888,0.7526442242487305,Dane tylko o czasie dnia w postaci % i aktualnej temp. 0
