sep=,
Regresji liniowej,Metoda gradientu prostego,ElasticNet,Lasso,Ridge,SVR,Drzewo decyzyjne,Losowy las z dopasowywaniem ilosci drzew,Losowy las,XGBoost,K najbliższych sąsiadów,label
-0.20864526133177907,-0.22994928637306544,-0.11246819441908595,-0.11246819441908595,-0.20865346223678305,0.0015818358978395564,-0.8176773921375653,-0.3386650322178548,-0.33414878978108375,-0.1323732595664886,-0.08355133689114513,Dane tylko o czasie roku w postaci % i aktualnej temp. 0
