sep=,
Regresji liniowej,Metoda gradientu prostego,ElasticNet,Lasso,Ridge,SVR,Drzewo decyzyjne,Losowy las z dopasowywaniem ilosci drzew,Losowy las,XGBoost,K najbliższych sąsiadów,label
0.005001292875676575,0.005089447499759425,0.004603318635473203,0.004603318635473203,0.005001326810470417,0.004131387273688664,0.007521426908635792,0.005539305950839024,0.00552061804310755,0.004685684457519193,0.00448366262210987,Dane tylko o czasie roku w postaci % i aktualnej temp. 0
