sep=,
Regresji liniowej,Metoda gradientu prostego,ElasticNet,Lasso,Ridge,SVR,Drzewo decyzyjne,Losowy las z dopasowywaniem ilosci drzew,Losowy las,XGBoost,K najbliższych sąsiadów,label
-0.20864526133177907,-0.21156240336540555,-0.11246819441908595,-0.11246819441908595,-0.20865346223678305,0.0015818358978395564,-0.7965735784763397,-0.33051164165144264,-0.3261737049757818,-0.1323732595664886,-0.08355133689114513,Dane tylko o czasie roku w postaci % i aktualnej temp. 0
