,Regressors,Parameters,ERR
0,1,2.1602E+00,4.72169796E-01
1,y(k-2),-1.2669E+00,3.31228206E-02
2,y(k-2)y(k-1),7.8899E-01,2.55582011E-02
3,y(k-2)^2y(k-1)^2,-7.3045E-02,1.19327715E-02
4,y(k-2)^2,1.0151E-01,1.02170351E-02
5,x1(k-2),-4.5001E-01,8.03530088E-03
6,x1(k-2)y(k-2),1.8574E-01,1.50149555E-02
7,y(k-1),-3.4093E-01,7.26851554E-03
8,y(k-2)^3y(k-1)^3,1.9604E-03,1.25508913E-02
9,x1(k-2)^3y(k-1),5.9602E-03,3.32079219E-03
