,Regressors,Parameters,ERR
0,1,2.1363E+00,4.72169796E-01
1,y(k-2),-1.2795E+00,3.31228206E-02
2,y(k-2)y(k-1),8.9789E-01,2.55582011E-02
3,y(k-2)^2y(k-1)^2,-1.2413E-01,1.19327715E-02
4,y(k-2)^2,9.0918E-02,1.02170351E-02
5,x1(k-2),-4.2109E-01,8.03530088E-03
6,x1(k-2)y(k-2),2.0174E-01,1.50149555E-02
7,y(k-1),-3.5978E-01,7.26851554E-03
8,x1(k-1)y(k-2)y(k-1)^3,1.0202E-02,4.99194489E-03
9,y(k-2)^3y(k-1)^2,8.9060E-03,7.82207896E-03
