,Regressors,Parameters,ERR
0,1,2.1898E+00,4.72169796E-01
1,y(k-2),-9.7045E-01,3.31228206E-02
2,y(k-2)y(k-1),7.0974E-01,2.55582011E-02
3,y(k-2)y(k-1)^2,-1.3132E-01,1.17417895E-02
4,x1(k-2),-5.3271E-01,8.90470012E-03
5,x1(k-2)y(k-2),2.4442E-01,2.16846288E-02
6,x1(k-2)^2y(k-1),5.7660E-02,2.60158265E-03
7,y(k-1),-4.4620E-01,3.18967301E-03
8,y(k-1)^3,2.2904E-02,6.81044749E-03
9,x1(k-2)y(k-2)y(k-1),-7.0794E-02,3.61230640E-03
