,Regressors,Parameters,ERR
0,1,2.1417E+00,4.72169796E-01
1,y(k-2),-1.2019E+00,3.31228206E-02
2,y(k-2)y(k-1),5.3714E-01,2.55582011E-02
3,y(k-2)^2y(k-1)^2,-1.0798E-02,1.19327715E-02
4,y(k-2)^2,1.3396E-01,1.02170351E-02
5,x1(k-2),-4.3763E-01,8.03530088E-03
6,x1(k-2)y(k-2),1.7438E-01,1.50149555E-02
7,y(k-1),-2.8982E-01,7.26851554E-03
8,x1(k-2)^3y(k-1),6.0632E-03,3.64804113E-03
9,y(k-2)^2y(k-1),-6.0574E-02,2.47454349E-03
