,Regressors,Parameters,ERR
0,1,1.3266E+00,4.72169796E-01
1,y(k-2),-2.5807E-01,3.31228206E-02
2,y(k-1),1.6328E-01,1.93949049E-02
3,x1(k-2),-1.1103E-01,5.77470177E-03
