,Regressors,Parameters,ERR
0,1,1.8619E+00,4.72169796E-01
1,y(k-2),-6.8427E-01,3.31228206E-02
2,y(k-2)y(k-1),1.5576E-01,2.55582011E-02
3,x1(k-2),-4.2413E-01,8.88279998E-03
4,x1(k-2)x1(k-1),1.8083E-01,2.39008348E-02
5,y(k-1)^2,-3.6379E-02,2.78885761E-03
6,x1(k-2)y(k-1),8.4233E-02,3.73438465E-03
