sep=,
Regresji liniowej,Metoda gradientu prostego,ElasticNet,Lasso,Ridge,SVR,Drzewo decyzyjne,Losowy las z dopasowywaniem ilosci drzew,Losowy las,XGBoost,K najbliższych sąsiadów,label
0.1935704398874904,0.19423978559873356,0.375201327616527,0.375201327616527,0.19332030194205851,0.2714636078573791,0.0841463487226229,0.10492755366142198,0.07760023551733071,0.09886729221545684,0.15641110731918442,Dane dane o świętach i czasie tylko w postaci % 0
