sep=,
Regresji liniowej,Metoda gradientu prostego,ElasticNet,Lasso,Ridge,SVR,Drzewo decyzyjne,Losowy las z dopasowywaniem ilosci drzew,Losowy las,XGBoost,K najbliższych sąsiadów,label
0.4931955690463323,0.4943254163095345,-0.11246819441908595,-0.11246819441908595,0.493475254257873,0.4311971308672018,0.8747120195538891,0.8368276658246099,0.9046931268746796,0.8543753609357816,0.6548984177867392,Dane dane o świętach i czasie tylko w postaci % 0
