sep=,
Regresji liniowej,Metoda gradientu prostego,ElasticNet,Lasso,Ridge,SVR,Drzewo decyzyjne,Losowy las z dopasowywaniem ilosci drzew,Losowy las,XGBoost,K najbliższych sąsiadów,label
0.3382367535527493,0.4507318988796172,4.314560608598654,4.314560608598654,0.3409358081113041,3.9742103657466004,0.13264008899997748,0.8707064804200044,0.020813626890003434,2.1274899884160305,0.4482768122000209,Dane dane o świętach i czasie tylko w postaci % 0
