sep=,
Regresji liniowej,Metoda gradientu prostego,ElasticNet,Lasso,Ridge,SVR,Drzewo decyzyjne,Losowy las z dopasowywaniem ilosci drzew,Losowy las,XGBoost,K najbliższych sąsiadów,label
0.0020959715266087482,0.00211152056803353,0.004603318635473203,0.004603318635473203,0.0020959658183302477,0.0023977015256036395,0.0006427588472342033,0.0006753847565783814,0.0004471074842618586,0.0005769171284148225,0.0014445308360162168,Dane temperatury z przeszłych dni 0
0.0020960533675485095,0.002113219903306521,0.004603318635473203,0.004603318635473203,0.0020960068860717265,0.002300775249564394,0.0006841861399795614,0.0006141508245718578,0.0003885026216987236,0.000533663386093304,0.0014737775391605124,Dane temperatury z przeszłych dni 1
0.002090405280304865,0.002083028442831895,0.004603318635473203,0.004603318635473203,0.002090353735068922,0.002370986160194973,0.0007879657523765786,0.0005248989946387035,0.00035587955125682044,0.0003846135849005562,0.0013891148669021554,Dane temperatury z przeszłych dni 2
0.001917911194117698,0.0019203937407027466,0.004603318635473203,0.004603318635473203,0.0019180882885532107,0.002586130481670858,0.0007727797339643691,0.0005297802520946816,0.00034800456462273573,0.00047428764361458903,0.0014093603408863104,Dane temperatury z przeszłych dni 3
0.0018821285236931612,0.0018899019970899395,0.004603318635473203,0.004603318635473203,0.001882253343136206,0.0026918546811755904,0.0006264355743917526,0.0004762619589263516,0.0003441111400378921,0.000644825100206748,0.0014359291770188703,Dane temperatury z przeszłych dni 4
0.0018822722486924349,0.0018726408478763712,0.004603318635473203,0.004603318635473203,0.001882348178487149,0.0025951551297612187,0.0006557499615193215,0.00047141034118632736,0.0003509535751896081,0.000628796727387574,0.0014535660720101978,Dane temperatury z przeszłych dni 5
0.0018876997935426243,0.0018917448893657058,0.004603318635473203,0.004603318635473203,0.0018877539420442246,0.002501998431997253,0.0005847468409142752,0.000451225652499095,0.0003388741004111892,0.00031270679156712,0.0014894447483000508,Dane temperatury z przeszłych dni 6
0.0018939325602740991,0.0019171410230321832,0.004603318635473203,0.004603318635473203,0.0018939786745418151,0.0024760523538636388,0.0006011587879687289,0.00047817441513656704,0.00034498951599807784,0.0006034818978498348,0.001467277014100352,Dane temperatury z przeszłych dni 7
