sep=,
Regresji liniowej,Metoda gradientu prostego,ElasticNet,Lasso,Ridge,SVR,Drzewo decyzyjne,Losowy las z dopasowywaniem ilosci drzew,Losowy las,XGBoost,K najbliższych sąsiadów,label
0.49347376438551505,0.4897160809817468,-0.11246819441908595,-0.11246819441908595,0.4934751438855626,0.42055571248328893,0.8446666783569234,0.8367820869711118,0.8919490708518117,0.860578420265903,0.6509051972761254,Dane temperatury z przeszłych dni 0
0.4934539861668654,0.489305408466425,-0.11246819441908595,-0.11246819441908595,0.4934652191856168,0.4439795525073591,0.8346550868922449,0.8515802808765996,0.9061119065802334,0.8710314035226968,0.6438372470393283,Dane temperatury z przeszłych dni 1
0.49481894000026727,0.49660167496039753,-0.11246819441908595,-0.11246819441908595,0.4948313967602921,0.42701192302895985,0.809575024623439,0.873149463884964,0.9139958118982888,0.9070517567378018,0.664297384083973,Dane temperatury z przeszłych dni 2
0.5365049929990473,0.5359050444976012,-0.11246819441908595,-0.11246819441908595,0.5364621951954369,0.3750187342439315,0.8132449775033593,0.8719698271709853,0.9158989328541977,0.8853805351510353,0.6594047299638013,Dane temperatury z przeszłych dni 3
0.5451524679863149,0.5432738793855956,-0.11246819441908595,-0.11246819441908595,0.5451223033004811,0.3494687302917626,0.8486114676066001,0.8849034091547671,0.9168398433930925,0.844167334102136,0.6529839306447103,Dane temperatury z przeszłych dni 4
0.5451177344596798,0.5474453219946824,-0.11246819441908595,-0.11246819441908595,0.545099384767139,0.3728377785549237,0.8415271604141747,0.886075882940454,0.9151862556053603,0.8480408558766697,0.648721682844837,Dane temperatury z przeszłych dni 5
0.5438060783485668,0.5428285139427753,-0.11246819441908595,-0.11246819441908595,0.5437929924662771,0.39535063755210886,0.8586862405545173,0.8909538472868191,0.9181054607615545,0.924429224360764,0.6400510064500415,Dane temperatury z przeszłych dni 6
0.542299827032708,0.5366911175984382,-0.11246819441908595,-0.11246819441908595,0.5422886827561098,0.4016209370858259,0.8547200217127722,0.8844412324349786,0.9166275692935073,0.8541586037316323,0.645408206590276,Dane temperatury z przeszłych dni 7
