sep=,
Regresji liniowej,Metoda gradientu prostego,ElasticNet,Lasso,Ridge,SVR,Drzewo decyzyjne,Losowy las z dopasowywaniem ilosci drzew,Losowy las,XGBoost,K najbliższych sąsiadów,label
0.4931955690463323,0.49313341875238925,-0.11246819441908595,-0.11246819441908595,0.493475254257873,0.4311971308672018,0.8717533941710089,0.8409324227208628,0.9004734069368013,0.8543753609357816,0.6548984177867392,Dane dane o świętach i czasie 0
