sep=,
Regresji liniowej,Metoda gradientu prostego,ElasticNet,Lasso,Ridge,SVR,Drzewo decyzyjne,Losowy las z dopasowywaniem ilosci drzew,Losowy las,XGBoost,K najbliższych sąsiadów,label
0.002378148406764595,0.0024198495184495944,0.004603318635473203,0.004603318635473203,0.002378167462699831,0.002888876260001848,0.0006125668542747165,0.00043327013113184586,0.0004665423564888934,0.00027659178776701153,0.0005192630401527723,Dane tylko o czasie w postaci % i aktualnej temp. 0
