sep=,
Regresji liniowej,Metoda gradientu prostego,ElasticNet,Lasso,Ridge,SVR,Drzewo decyzyjne,Losowy las z dopasowywaniem ilosci drzew,Losowy las,XGBoost,K najbliższych sąsiadów,label
0.22286242882838253,0.2265692841523491,0.375201327616527,0.375201327616527,0.22289554804241823,0.30710476891330235,0.08645178442065965,0.07936524242173124,0.07919345873721972,0.06517642792253135,0.08482043284487215,Dane tylko o czasie w postaci % i aktualnej temp. 0
