sep=,
Regresji liniowej,Metoda gradientu prostego,ElasticNet,Lasso,Ridge,SVR,Drzewo decyzyjne,Losowy las z dopasowywaniem ilosci drzew,Losowy las,XGBoost,K najbliższych sąsiadów,label
0.4252810475149573,0.4152032831681687,-0.11246819441908595,-0.11246819441908595,0.42527644233257833,0.30185520244047725,0.8519630735346823,0.8952930964279388,0.8872523120724898,0.9331570132127767,0.8745114856365057,Dane tylko o czasie w postaci % i aktualnej temp. 0
