sep=,
Regresji liniowej,Metoda gradientu prostego,ElasticNet,Lasso,Ridge,SVR,Drzewo decyzyjne,Losowy las z dopasowywaniem ilosci drzew,Losowy las,XGBoost,K najbliższych sąsiadów,label
3.185352459804861,3.4413163740216817,4.314560608598654,4.314560608598654,3.1852947585987295,5.579056800849017,0.31375361099999566,0.06112601270003637,0.13257911299998426,0.43741708555857883,0.20615084080002788,Dane tylko o czasie w postaci % i aktualnej temp. 0
