sep=,
Regresji liniowej,Metoda gradientu prostego,ElasticNet,Lasso,Ridge,SVR,Drzewo decyzyjne,Losowy las z dopasowywaniem ilosci drzew,Losowy las,XGBoost,K najbliższych sąsiadów,label
-inf,-2.184932817878906e+91,-7.841054951555908,-8.73671727352489,-1.948208822865632e+304,-1116.5134404813414,-2287.018917293443,-294.8637751264181,-690.9025614415949,-2229.7195635616176,-90.62829244233544,Dane tylko o czasie w postaci % i aktualnej temp. 0
