sep=,
Regresji liniowej,Metoda gradientu prostego,ElasticNet,Lasso,Ridge,SVR,Drzewo decyzyjne,Losowy las z dopasowywaniem ilosci drzew,Losowy las,XGBoost,K najbliższych sąsiadów,label
1.0182107422341719e+180,4.4021005118642986e+44,3.3911719092934827,3.557234822803472,7.624626455397032e+150,36.25458527071657,49.98895445663711,18.554986942177067,28.4484426779195,50.507706,10.456074,Dane tylko o czasie w postaci % i aktualnej temp. 0
