sep=,
Regresji liniowej,Metoda gradientu prostego,ElasticNet,Lasso,Ridge,SVR,Drzewo decyzyjne,Losowy las z dopasowywaniem ilosci drzew,Losowy las,XGBoost,K najbliższych sąsiadów,label
7.806859047977013e+181,3.234940756301754e+46,138.49002028574162,147.28625934618753,5.8584855464086895e+152,1649.5873470367449,2362.333937972784,856.0100650882715,1309.072324255856,2348.933343797922,468.06102934479713,Dane tylko o czasie w postaci % i aktualnej temp. 0
