sep=,
Regresji liniowej,Metoda gradientu prostego,ElasticNet,Lasso,Ridge,SVR,Drzewo decyzyjne,Losowy las z dopasowywaniem ilosci drzew,Losowy las,XGBoost,K najbliższych sąsiadów,label
0.5276058243454298,0.5290054900924526,-0.11246819441908595,-0.11246819441908595,0.5275745757032987,0.5893375532448342,0.870682980916956,0.870682980916956,0.8839426370962467,0.9128560610452102,0.9122245012534631,Podstawowe dane bez aktualnej temp. i czasu 0
