sep=,
Regresji liniowej,Metoda gradientu prostego,ElasticNet,Lasso,Ridge,SVR,Drzewo decyzyjne,Losowy las z dopasowywaniem ilosci drzew,Losowy las,XGBoost,K najbliższych sąsiadów,label
0.001954735356020868,0.0019489436332111498,0.004603318635473203,0.004603318635473203,0.001954864660802234,0.0016992936099393119,0.0005351051354233731,0.0005351051354233733,0.00048023756914479765,0.0003605957637005507,0.0003632091156807242,Podstawowe dane bez aktualnej temp. i czasu 0
