sep=,
Regresji liniowej,Metoda gradientu prostego,ElasticNet,Lasso,Ridge,SVR,Drzewo decyzyjne,Losowy las z dopasowywaniem ilosci drzew,Losowy las,XGBoost,K najbliższych sąsiadów,label
0.20806768525460115,0.20767568747450027,0.375201327616527,0.375201327616527,0.20810474001758444,0.2256100799953623,0.07964752411815758,0.07964752411815755,0.07797775730576641,0.06362212435440937,0.0648641366878552,Podstawowe dane bez aktualnej temp. i czasu 0
