sep=,
Regresji liniowej,Metoda gradientu prostego,ElasticNet,Lasso,Ridge,SVR,Drzewo decyzyjne,Losowy las z dopasowywaniem ilosci drzew,Losowy las,XGBoost,K najbliższych sąsiadów,label
2.7121419040651205,2.6661307368179905,4.314560608598654,4.314560608598654,2.712770780566281,2.7441468591011855,2.172238721999989,2.172238721999989,2.1377521990367967,1.96556192198436,2.001551034799988,Podstawowe dane bez aktualnej temp. i czasu 0
