sep=,
Regresji liniowej,Metoda gradientu prostego,ElasticNet,Lasso,Ridge,SVR,Drzewo decyzyjne,Losowy las z dopasowywaniem ilosci drzew,Losowy las,XGBoost,K najbliższych sąsiadów,label
0.4252810475149573,0.42300403325564606,-0.11246819441908595,-0.11246819441908595,0.42527644233257833,0.30185520244047725,0.8424403470390411,0.8944982254370105,0.8852572398092204,0.9331570132127767,0.8745114856365057,Dane tylko o czasie w postaci % i aktualnej temp. 0
