sep=,
Regresji liniowej,Metoda gradientu prostego,ElasticNet,Lasso,Ridge,SVR,Drzewo decyzyjne,Losowy las z dopasowywaniem ilosci drzew,Losowy las,XGBoost,K najbliższych sąsiadów,label
0.3382367535527493,0.4356785732510957,4.314560608598654,4.314560608598654,0.3409358081113041,3.9742103657466004,0.0885957109999751,0.8799168443200216,0.04162221839997926,2.1274899884160305,0.4482768122000209,Dane dane o świętach i czasie 0
