sep=,
Regresji liniowej,Metoda gradientu prostego,ElasticNet,Lasso,Ridge,SVR,Drzewo decyzyjne,Losowy las z dopasowywaniem ilosci drzew,Losowy las,XGBoost,K najbliższych sąsiadów,label
0.1935704398874904,0.1933019811404236,0.375201327616527,0.375201327616527,0.19332030194205851,0.2714636078573791,0.08637455037926943,0.10458970982685557,0.0793163112556122,0.09886729221545684,0.15641110731918442,Dane dane o świętach i czasie 0
