sep=,
Regresji liniowej,Metoda gradientu prostego,ElasticNet,Lasso,Ridge,SVR,Drzewo decyzyjne,Losowy las z dopasowywaniem ilosci drzew,Losowy las,XGBoost,K najbliższych sąsiadów,label
0.002097122680228767,0.0020967675958274506,0.004603318635473203,0.004603318635473203,0.002095965361617044,0.0023536680513881244,0.0005435830835292244,0.0006636291869456432,0.00042158934635855126,0.0006025849711042079,0.0014280071578703791,Dane dane o świętach i czasie 0
