sep=,
Regresji liniowej,Metoda gradientu prostego,ElasticNet,Lasso,Ridge,SVR,Drzewo decyzyjne,Losowy las z dopasowywaniem ilosci drzew,Losowy las,XGBoost,K najbliższych sąsiadów,label
0.4931955690463323,0.49328138107328057,-0.11246819441908595,-0.11246819441908595,0.493475254257873,0.4311971308672018,0.8686341443343618,0.8396230150839135,0.8981159515407717,0.8543753609357816,0.6548984177867392,Dane dane o świętach i czasie 0
