sep=,
Regresji liniowej,Metoda gradientu prostego,ElasticNet,Lasso,Ridge,SVR,Drzewo decyzyjne,Losowy las z dopasowywaniem ilosci drzew,Losowy las,XGBoost,K najbliższych sąsiadów,label
0.553932171052796,0.5299802975219307,-0.11246819441908595,-0.11246819441908595,0.5360801130317655,0.17035683187708883,0.7212140244399826,0.7649886526863287,0.7513521980044822,0.8115952917562296,0.6851124874668646,Podstawowe dane bez aktualnej temp. 0
