sep=,
Regresji liniowej,Metoda gradientu prostego,ElasticNet,Lasso,Ridge,SVR,Drzewo decyzyjne,Losowy las z dopasowywaniem ilosci drzew,Losowy las,XGBoost,K najbliższych sąsiadów,label
0.16906304276409295,0.16873326757991505,0.375201327616527,0.375201327616527,0.16850837456918755,0.22410203445414767,0.13441123023730028,0.12636788117403597,0.12572460336994884,0.1136150848084897,0.12971995356393431,Podstawowe dane bez aktualnej temp. 0
