sep=,
Regresji liniowej,Metoda gradientu prostego,ElasticNet,Lasso,Ridge,SVR,Drzewo decyzyjne,Losowy las z dopasowywaniem ilosci drzew,Losowy las,XGBoost,K najbliższych sąsiadów,label
0.0018457987023619924,0.0019449099455707969,0.004603318635473203,0.004603318635473203,0.0019196693188722204,0.0034330076812735372,0.0011535976336601208,0.0009724611634417152,0.001028887896604643,0.0007796060227342719,0.001302983367788331,Podstawowe dane bez aktualnej temp. 0
