sep=,
Regresji liniowej,Metoda gradientu prostego,ElasticNet,Lasso,Ridge,SVR,Drzewo decyzyjne,Losowy las z dopasowywaniem ilosci drzew,Losowy las,XGBoost,K najbliższych sąsiadów,label
0.0024482100633305597,0.0024573815616489992,0.004603318635473203,0.004603318635473203,0.002448236597897557,0.003996652541925693,0.0017684641631352004,0.0016767208716895626,0.001340496774435077,0.0009466506981277194,0.0010235415788244979,Dane tylko o czasie dnia w postaci % i aktualnej temp. 0
