sep=,
Regresji liniowej,Metoda gradientu prostego,ElasticNet,Lasso,Ridge,SVR,Drzewo decyzyjne,Losowy las z dopasowywaniem ilosci drzew,Losowy las,XGBoost,K najbliższych sąsiadów,label
0.0020959715266087482,0.002101537870950129,0.004603318635473203,0.004603318635473203,0.0020959658183302477,0.0023977015256036395,0.0006505658386437694,0.0006748401881098481,0.00042588923372949473,0.0005769171284148225,0.0014445308360162168,Dane temp. i rożnicy temp. z przeszłych dni 0
0.002090405200339889,0.002094040285291908,0.004603318635473203,0.004603318635473203,0.0020903639044613565,0.002274997943720585,0.0007161102297182334,0.0005367906459743317,0.00036708378863519007,0.0005646583599880114,0.0013449918298935532,Dane temp. i rożnicy temp. z przeszłych dni 1
0.0019179071267795328,0.0019289412169539771,0.004603318635473203,0.004603318635473203,0.0019178663641235521,0.0025990564703288897,0.0006287554056490754,0.0004908782278147477,0.0003541822542839765,0.00037868369169210056,0.001492145325058259,Dane temp. i rożnicy temp. z przeszłych dni 2
0.0018816819280196362,0.0018797211015076684,0.004603318635473203,0.004603318635473203,0.0018820660376442468,0.002552015055218686,0.0006585526206837353,0.0004738098906550653,0.00036318350675692114,0.000589873167056375,0.0015806754299239718,Dane temp. i rożnicy temp. z przeszłych dni 3
