sep=,
Regresji liniowej,Metoda gradientu prostego,ElasticNet,Lasso,Ridge,SVR,Drzewo decyzyjne,Losowy las z dopasowywaniem ilosci drzew,Losowy las,XGBoost,K najbliższych sąsiadów,label
0.553932171052796,0.540434262788932,-0.11246819441908595,-0.11246819441908595,0.5360801130317655,0.17035683187708883,0.7212590971123626,0.7563441171094576,0.7441998379039718,0.8115952917562296,0.6851124874668646,Podstawowe dane bez aktualnej temp. 0
