sep=,
Regresji liniowej,Metoda gradientu prostego,ElasticNet,Lasso,Ridge,SVR,Drzewo decyzyjne,Losowy las z dopasowywaniem ilosci drzew,Losowy las,XGBoost,K najbliższych sąsiadów,label
0.0018457987023619924,0.0019016521397570258,0.004603318635473203,0.004603318635473203,0.0019196693188722204,0.0034330076812735372,0.0011534111259705005,0.0010082316707835464,0.0010584838820930076,0.0007796060227342719,0.001302983367788331,Podstawowe dane bez aktualnej temp. 0
