sep=,
Regresji liniowej,Metoda gradientu prostego,ElasticNet,Lasso,Ridge,SVR,Drzewo decyzyjne,Losowy las z dopasowywaniem ilosci drzew,Losowy las,XGBoost,K najbliższych sąsiadów,label
0.3408110377699529,0.1535987014776552,4.314560608598654,4.314560608598654,0.3409410395388406,3.755166575067875,0.12777280199996,0.7423843787500033,0.007756047249991127,1.8521527691777493,0.328498538600023,Dane temp. i rożnicy temp. z przeszłych dni 0
0.35403640956438664,0.15500070726176318,4.314560608598654,4.314560608598654,0.3542214371203585,3.1336748761341724,0.30553540599996865,0.27993901226999185,0.0040262211399948455,1.9160527630742337,0.15183988639995505,Dane temp. i rożnicy temp. z przeszłych dni 1
0.44016071872388096,0.4356691712709235,4.314560608598654,4.314560608598654,0.44032244584566627,3.9752401436355385,0.20551391399999375,0.07099486210999117,0.00812367297999117,0.7456120892461087,0.8328185379999695,Dane temp. i rożnicy temp. z przeszłych dni 2
0.4928812115508876,0.7339460506545521,4.314560608598654,4.314560608598654,0.49249524415859725,3.8933826996909886,0.01784370199997909,0.07262180191999335,0.07979892403998434,2.103915159314468,0.8889580947999747,Dane temp. i rożnicy temp. z przeszłych dni 3
