sep=,
Regresji liniowej,Metoda gradientu prostego,ElasticNet,Lasso,Ridge,SVR,Drzewo decyzyjne,Losowy las z dopasowywaniem ilosci drzew,Losowy las,XGBoost,K najbliższych sąsiadów,label
0.19331868878579114,0.19333126482779384,0.375201327616527,0.375201327616527,0.19332045427007225,0.2726314344854859,0.09833915157409936,0.10735657357576893,0.08241526255041734,0.10196449895363914,0.15884314754411505,Dane temp. i rożnicy temp. z przeszłych dni 0
0.19201532841953003,0.19262655104079043,0.375201327616527,0.375201327616527,0.1920133838106491,0.2586307135682364,0.09217557903595788,0.09184142120364573,0.07803304375873074,0.10124271876457136,0.15150397715600164,Dane temp. i rożnicy temp. z przeszłych dni 1
0.1821736715151405,0.18383548877385913,0.375201327616527,0.375201327616527,0.18217344087291804,0.2822708804097413,0.08851116689549958,0.08696470911887155,0.07378003715588538,0.08240587215439142,0.15341145891045524,Dane temp. i rożnicy temp. z przeszłych dni 2
0.17998857268465612,0.18344156790682065,0.375201327616527,0.375201327616527,0.18002745490873115,0.2798740148095943,0.09452865445270422,0.08429082996316246,0.07414183643459321,0.10925244070914446,0.14879431659182163,Dane temp. i rożnicy temp. z przeszłych dni 3
