sep=,
Regresji liniowej,Metoda gradientu prostego,ElasticNet,Lasso,Ridge,SVR,Drzewo decyzyjne,Losowy las z dopasowywaniem ilosci drzew,Losowy las,XGBoost,K najbliższych sąsiadów,label
0.49347376438551505,0.4914099535913993,-0.11246819441908595,-0.11246819441908595,0.4934751438855626,0.42055571248328893,0.8439564305634526,0.8314621597711584,0.8952395409460759,0.860578420265903,0.6509051972761254,Dane temp. i rożnicy temp. z przeszłych dni 0
0.4948189593251281,0.4952653598651442,-0.11246819441908595,-0.11246819441908595,0.4948289391581716,0.45020906542181827,0.8551496261493794,0.8756396023034146,0.9049413431423742,0.8635409547019262,0.6749604468002911,Dane temp. i rożnicy temp. z przeszłych dni 1
0.5365059759386834,0.525551330851022,-0.11246819441908595,-0.11246819441908595,0.5365158269096653,0.3718949549876637,0.8531949074242774,0.8852220346570914,0.9161289472318156,0.9084848136502375,0.639398367345952,Dane temp. i rożnicy temp. z przeszłych dni 2
0.5452603952279212,0.542283513489688,-0.11246819441908595,-0.11246819441908595,0.5451675687750104,0.3832632921102117,0.8409706656933562,0.8877914631179052,0.9117380731016618,0.8574473789333905,0.6180036011542852,Dane temp. i rożnicy temp. z przeszłych dni 3
