sep=,
Regresji liniowej,Metoda gradientu prostego,ElasticNet,Lasso,Ridge,SVR,Drzewo decyzyjne,Losowy las z dopasowywaniem ilosci drzew,Losowy las,XGBoost,K najbliższych sąsiadów,label
-0.2458530270163426,-0.24609062921806646,-0.11246819441908595,-0.11246819441908595,-0.2458484944456396,-0.31631272010751177,-0.6117015716090985,-0.6168720825531815,-0.5978364176357478,-0.5280892422327221,-1.1270684037026628,Dane tylko o świętach i aktualnej temp. 0
