sep=,
Regresji liniowej,Metoda gradientu prostego,ElasticNet,Lasso,Ridge,SVR,Drzewo decyzyjne,Losowy las z dopasowywaniem ilosci drzew,Losowy las,XGBoost,K najbliższych sąsiadów,label
0.49347376438551505,0.4903788704516142,-0.11246819441908595,-0.11246819441908595,0.4934751438855626,0.42055571248328893,0.8399982850548858,0.8429890200173769,0.8982045914191724,0.860578420265903,0.6509051972761254,Dane energii i temperatury z przeszłych dni 0
-0.43609534236525316,-0.42616367539159095,-0.11246819441908595,-0.11246819441908595,-0.43591326946109343,-0.3133902637387209,-0.15444618857965886,-0.054171446628368924,-0.020500272514725637,-0.08812894567782559,0.22285884423596525,Dane energii i temperatury z przeszłych dni 1
-2.4910212810605703,-2.1616133905613775,-0.11246819441908595,-0.11246819441908595,-2.483832912671884,0.12309041077917082,-0.4463468451190422,-0.005923284248383398,-0.22928847142925468,-0.30649138516098806,0.5188880472715385,Dane energii i temperatury z przeszłych dni 2
-1.8657735886556868,-1.369559404068513,-0.11246819441908595,-0.11246819441908595,-1.8587892784065514,0.24308924544349042,-0.6319168574331755,-0.08185897628398853,-0.32412079417090345,-0.20617357068132058,0.5267902792558399,Dane energii i temperatury z przeszłych dni 3
-1.7466341765175253,-1.1704171633259395,-0.11246819441908595,-0.11246819441908595,-1.7391385942426085,0.26802780033405527,-0.6164695471641537,-0.05920962816346198,-0.30663463183994,-0.4083184197770293,0.5412189664118756,Dane energii i temperatury z przeszłych dni 4
-1.7127693856404376,-1.1897117022179704,-0.11246819441908595,-0.11246819441908595,-1.7052117332834413,0.2693691691675527,-0.625930719155656,0.009375413821517742,-0.2680602217533443,-0.3261017120982952,0.5758532910705565,Dane energii i temperatury z przeszłych dni 5
-1.6979727945842753,-1.1662393595869887,-0.11246819441908595,-0.11246819441908595,-1.6904161029813407,0.26457685884748317,-0.5693189197328132,-0.08409584373146206,-0.3067095651274414,-0.297896540198922,0.6238282039882573,Dane energii i temperatury z przeszłych dni 6
-1.6938968956823253,-1.1524998937186366,-0.11246819441908595,-0.11246819441908595,-1.686329551722595,0.25669945111589587,-0.6235613497895567,-0.17309260593749332,-0.3034964363730541,-0.3237819454143156,0.6823615637142111,Dane energii i temperatury z przeszłych dni 7
