sep=,
Regresji liniowej,Metoda gradientu prostego,ElasticNet,Lasso,Ridge,SVR,Drzewo decyzyjne,Losowy las z dopasowywaniem ilosci drzew,Losowy las,XGBoost,K najbliższych sąsiadów,label
0.002097122680228767,0.00210840065703341,0.004603318635473203,0.004603318635473203,0.002095965361617044,0.0023536680513881244,0.0005422647366857203,0.0006966372559706294,0.00045244576765965107,0.0006025849711042079,0.0014280071578703791,Dane dane o świętach i czasie tylko w postaci % 0
